what,kind,bundleId,bundleVersion,description,time
started,bundle,org.eclipse.wst.web,1.1.402.v201012160000,"org.eclipse.wst.web",1342692217386
started,bundle,com.android.ide.eclipse.ddms,16.0.1.v201112150204-238534,"com.android.ide.eclipse.ddms",1342692217400
started,bundle,org.eclipse.mylyn.bugzilla.core,3.6.4.v20111106-0100,"org.eclipse.mylyn.bugzilla.core",1342692217401
started,bundle,org.eclipse.mylyn.bugzilla.ui,3.6.0.v20110608-1400,"org.eclipse.mylyn.bugzilla.ui",1342692217402
started,bundle,org.eclipse.mylyn.commons.identity,0.8.0.v20110608-1400,"org.eclipse.mylyn.commons.identity",1342692217427
started,bundle,org.eclipse.mylyn.commons.net,3.6.0.v20110608-1400,"org.eclipse.mylyn.commons.net",1342692217427
started,bundle,org.eclipse.mylyn.commons.ui,3.6.1.v20110720-0100,"org.eclipse.mylyn.commons.ui",1342692217429
started,bundle,org.eclipse.mylyn.context.core,3.6.1.v20110720-0100,"org.eclipse.mylyn.context.core",1342692217429
started,bundle,org.eclipse.mylyn.context.ui,3.6.0.v20110608-1400,"org.eclipse.mylyn.context.ui",1342692217430
started,bundle,org.eclipse.mylyn.monitor.ui,3.6.0.v20110608-1400,"org.eclipse.mylyn.monitor.ui",1342692217435
started,bundle,org.eclipse.mylyn.tasks.ui,3.6.4.v20111117-0100,"org.eclipse.mylyn.tasks.ui",1342692217437
started,bundle,org.springframework.ide.eclipse.aop.core,2.9.1.201203220057-RELEASE,"org.springframework.ide.eclipse.aop.core",1342692217438
started,bundle,org.springframework.ide.eclipse.aop.ui,2.9.1.201203220057-RELEASE,"org.springframework.ide.eclipse.aop.ui",1342692217438
started,bundle,org.springframework.ide.eclipse.beans.core,2.9.1.201203220057-RELEASE,"org.springframework.ide.eclipse.beans.core",1342692217452
started,bundle,org.springframework.ide.eclipse.beans.ui,2.9.1.201203220057-RELEASE,"org.springframework.ide.eclipse.beans.ui",1342692217454
started,bundle,org.springframework.ide.eclipse.core,2.9.1.201203220057-RELEASE,"org.springframework.ide.eclipse.core",1342692217455
started,bundle,org.springframework.ide.eclipse.ui,2.9.1.201203220057-RELEASE,"org.springframework.ide.eclipse.ui",1342692217455
os,sysinfo,,,"linux",1342692217484
arch,sysinfo,,,"x86",1342692217484
ws,sysinfo,,,"gtk",1342692217484
locale,sysinfo,,,"en_IN",1342692217484
processors,sysinfo,,,"2",1342692217484
java.runtime.name,sysinfo,,,"OpenJDK Runtime Environment",1342692217484
java.runtime.version,sysinfo,,,"1.6.0_24-b24",1342692217484
java.specification.name,sysinfo,,,"Java Platform API Specification",1342692217484
java.specification.vendor,sysinfo,,,"Sun Microsystems Inc.",1342692217484
java.specification.version,sysinfo,,,"1.6",1342692217484
java.vendor,sysinfo,,,"Sun Microsystems Inc.",1342692217484
java.version,sysinfo,,,"1.6.0_24",1342692217484
java.vm.info,sysinfo,,,"mixed mode, sharing",1342692217484
java.vm.name,sysinfo,,,"OpenJDK Client VM",1342692217484
java.vm.specification.name,sysinfo,,,"Java Virtual Machine Specification",1342692217484
java.vm.specification.vendor,sysinfo,,,"Sun Microsystems Inc.",1342692217484
java.vm.specification.version,sysinfo,,,"1.0",1342692217484
java.vm.vendor,sysinfo,,,"Sun Microsystems Inc.",1342692217484
java.vm.version,sysinfo,,,"20.0-b12",1342692217484
started,bundle,org.eclipse.team.cvs.ui,3.3.302.R36x_v20110203-1036,"org.eclipse.team.cvs.ui",1342692217485
started,bundle,org.eclipse.wst.sse.core,1.1.504.v201102160550,"org.eclipse.wst.sse.core",1342692217486
started,bundle,com.android.ide.eclipse.adt,16.0.1.v201112150204-238534,"com.android.ide.eclipse.adt",1342692217505
started,bundle,org.eclipse.mylyn.team.ui,3.6.1.v20110825-0100,"org.eclipse.mylyn.team.ui",1342692217558
started,bundle,org.springframework.ide.eclipse.osgi.targetdefinition,2.9.1.201203220057-RELEASE,"org.springframework.ide.eclipse.osgi.targetdefinition",1342692217562
started,bundle,com.android.ide.eclipse.traceview,16.0.1.v201112150204-238534,"com.android.ide.eclipse.traceview",1342692217646
started,bundle,org.eclipse.ltk.core.refactoring,3.5.101.r362_v20101117-0800,"org.eclipse.ltk.core.refactoring",1342692218375
started,bundle,org.eclipse.ltk.ui.refactoring,3.5.0.v20100526-0800,"org.eclipse.ltk.ui.refactoring",1342692218384
started,bundle,org.springframework.ide.eclipse.uaa,2.9.1.201203220057-RELEASE,"org.springframework.ide.eclipse.uaa",1342692218411
deactivated,workbench,org.eclipse.ui.workbench,3.6.2.M20110210-1200,"",1342692218653
started,bundle,org.eclipse.jst.common.project.facet.core,1.4.102.v201008182136,"org.eclipse.jst.common.project.facet.core",1342692219692
started,bundle,org.eclipse.jst.ws.jaxrs.core,1.0.201.v201011231540,"org.eclipse.jst.ws.jaxrs.core",1342692219700
started,bundle,org.eclipse.wst.server.core,1.1.206.v20110110,"org.eclipse.wst.server.core",1342692223474
started,bundle,org.eclipse.wst.server.ui,1.1.207.v20110119,"org.eclipse.wst.server.ui",1342692224254
activated,workbench,org.eclipse.ui.workbench,3.6.2.M20110210-1200,"",1342692226515
activated,view,org.eclipse.ui.navigator.resources,3.4.202.M20101124-0800,"org.eclipse.ui.navigator.ProjectExplorer",1342692228487
activated,view,org.eclipse.ui,3.6.2.M20110203-1100,"org.eclipse.ui.internal.introview",1342692228489
activated,view,org.eclipse.ui.navigator.resources,3.4.202.M20101124-0800,"org.eclipse.ui.navigator.ProjectExplorer",1342692228505
closed,view,org.eclipse.ui,3.6.2.M20110203-1100,"org.eclipse.ui.internal.introview",1342692228534
activated,view,org.eclipse.ui.views,3.5.1.M20110202-0800,"org.eclipse.ui.views.ContentOutline",1342692230413
activated,view,org.eclipse.ui.navigator.resources,3.4.202.M20101124-0800,"org.eclipse.ui.navigator.ProjectExplorer",1342692230422
opened,view,org.eclipse.mylyn.tasks.ui,3.6.4.v20111117-0100,"org.eclipse.mylyn.tasks.ui.views.tasks",1342692230824
closed,view,org.eclipse.ui.views,3.5.1.M20110202-0800,"org.eclipse.ui.views.ContentOutline",1342692230885
activated,view,org.eclipse.ui.console,3.5.0.v20100526,"org.eclipse.ui.console.ConsoleView",1342692233500
closed,view,org.eclipse.ui.navigator.resources,3.4.202.M20101124-0800,"org.eclipse.ui.navigator.ProjectExplorer",1342692233529
deactivated,workbench,org.eclipse.ui.workbench,3.6.2.M20110210-1200,"",1342692251110
closed,workbench,org.eclipse.ui.workbench,3.6.2.M20110210-1200,"",1342692252931
started,bundle,org.eclipse.compare.core,3.5.101.R36x_v20100929-0800,"org.eclipse.compare.core",1342692253284
started,bundle,org.eclipse.compare,3.5.101.R36x_v20100929-0800,"org.eclipse.compare",1342692253293
stopped,bundle,org.eclipse.jst.j2ee.xdoclet.runtime,1.1.300.v201004280700,"org.eclipse.jst.j2ee.xdoclet.runtime",1342692253594
stopped,bundle,org.eclipse.jst.j2ee.ejb.annotations.xdoclet,1.2.100.v201003112036,"org.eclipse.jst.j2ee.ejb.annotations.xdoclet",1342692253594
stopped,bundle,org.eclipse.jst.server.generic.jboss,1.6.1.v200904151730,"org.eclipse.jst.server.generic.jboss",1342692253595
stopped,bundle,org.eclipse.jst.server.generic.jonas,1.5.205.v200805140145,"org.eclipse.jst.server.generic.jonas",1342692253596
stopped,bundle,org.eclipse.jst.server.generic.oc4j,1.5.206.v20090812,"org.eclipse.jst.server.generic.oc4j",1342692253597
stopped,bundle,org.eclipse.jst.server.websphere.core,1.0.302.v20080620,"org.eclipse.jst.server.websphere.core",1342692253597
stopped,bundle,org.eclipse.jst.server.generic.ui,1.0.505.v20100428,"org.eclipse.jst.server.generic.ui",1342692253598
stopped,bundle,org.eclipse.jst.server.generic.core,1.0.606.v20100512,"org.eclipse.jst.server.generic.core",1342692253599
stopped,bundle,org.eclipse.datatools.connectivity.oda.template.ui,3.2.1.v201004090942,"org.eclipse.datatools.connectivity.oda.template.ui",1342692253600
stopped,bundle,org.eclipse.pde.api.tools.ui,1.0.201.v20100820_r361,"org.eclipse.pde.api.tools.ui",1342692253601
stopped,bundle,org.eclipse.pde.ds.ui,1.0.100.v20100601,"org.eclipse.pde.ds.ui",1342692253602
stopped,bundle,org.eclipse.pde.runtime,3.4.200.v20100601,"org.eclipse.pde.runtime",1342692253603
stopped,bundle,org.eclipse.pde.ua.ui,1.0.100.v20100504,"org.eclipse.pde.ua.ui",1342692253604
stopped,bundle,org.eclipse.pde.ui.templates,3.4.200.v20100601,"org.eclipse.pde.ui.templates",1342692253606
stopped,bundle,org.eclipse.pde.ui,3.6.1.v20110210_r362,"org.eclipse.pde.ui",1342692253608
stopped,bundle,org.eclipse.mylyn.ide.ant,3.6.0.v20110608-1400,"org.eclipse.mylyn.ide.ant",1342692253609
stopped,bundle,org.eclipse.ant.ui,3.5.0.v20100427,"org.eclipse.ant.ui",1342692253610
stopped,bundle,org.eclipse.ant.launching,1.0.1.v20101020_r362,"org.eclipse.ant.launching",1342692253611
stopped,bundle,org.eclipse.equinox.p2.ui.sdk,1.0.100.v20100513,"org.eclipse.equinox.p2.ui.sdk",1342692253612
stopped,bundle,org.eclipse.jst.server.tomcat.ui,1.1.200.v20100418,"org.eclipse.jst.server.tomcat.ui",1342692253613
stopped,bundle,org.eclipse.jst.server.ui,1.1.101.v20100823b,"org.eclipse.jst.server.ui",1342692253613
stopped,bundle,overlay.com.android.ide.eclipse.adt.overlay,16.0.1.v201112150204-238534,"overlay.com.android.ide.eclipse.adt.overlay",1342692253614
stopped,bundle,com.android.ide.eclipse.adt,16.0.1.v201112150204-238534,"com.android.ide.eclipse.adt",1342692253614
stopped,bundle,org.eclipse.mylyn.java.tasks,3.6.0.v20110608-1400,"org.eclipse.mylyn.java.tasks",1342692253615
stopped,bundle,org.eclipse.mylyn.java.ui,3.6.0.v20110608-1400,"org.eclipse.mylyn.java.ui",1342692253616
stopped,bundle,org.eclipse.jdt.junit,3.6.1.r361_v20100825-0800,"org.eclipse.jdt.junit",1342692253617
stopped,bundle,org.eclipse.jpt.eclipselink.ui,1.3.0.v201004280001,"org.eclipse.jpt.eclipselink.ui",1342692253618
stopped,bundle,org.eclipse.jpt.eclipselink.core,1.3.2.v201102072310,"org.eclipse.jpt.eclipselink.core",1342692253619
stopped,bundle,org.eclipse.jpt.jaxb.ui,1.0.1.v201006300000,"org.eclipse.jpt.jaxb.ui",1342692253620
stopped,bundle,org.eclipse.jpt.ui,2.3.2.v201008252310,"org.eclipse.jpt.ui",1342692253622
stopped,bundle,org.eclipse.jpt.core,2.3.3.v201102172310,"org.eclipse.jpt.core",1342692253623
activated,perspective,org.eclipse.jst.j2ee.ui,,"org.eclipse.jst.j2ee.J2EEPerspective",1342760199995
started,bundle,org.eclipse.osgi,3.6.2.R36x_v20110210,"org.eclipse.osgi",1342760199997
started,bundle,org.eclipse.equinox.simpleconfigurator,1.0.200.v20100503,"org.eclipse.equinox.simpleconfigurator",1342760199998
started,bundle,com.ibm.icu,4.2.1.v20100412,"com.ibm.icu",1342760200018
started,bundle,org.eclipse.core.contenttype,3.4.100.v20100505-1235,"org.eclipse.core.contenttype",1342760200049
started,bundle,org.eclipse.core.databinding.observable,1.3.0.I20100601-0800,"org.eclipse.core.databinding.observable",1342760200069
started,bundle,org.eclipse.core.expressions,3.4.200.v20100505,"org.eclipse.core.expressions",1342760200084
started,bundle,org.eclipse.core.filebuffers,3.5.100.v20100520-0800,"org.eclipse.core.filebuffers",1342760200112
started,bundle,org.eclipse.core.filesystem,1.3.1.R36x_v20100727-0745,"org.eclipse.core.filesystem",1342760200150
started,bundle,org.eclipse.core.jobs,3.5.1.R36x_v20100824,"org.eclipse.core.jobs",1342760200201
started,bundle,org.eclipse.core.net,1.2.100.I20100511-0800,"org.eclipse.core.net",1342760200202
started,bundle,org.eclipse.core.resources,3.6.1.R36x_v20110131-1630,"org.eclipse.core.resources",1342760200247
started,bundle,org.eclipse.core.runtime,3.6.0.v20100505,"org.eclipse.core.runtime",1342760200248
started,bundle,org.eclipse.core.runtime.compatibility,3.2.100.v20100505,"org.eclipse.core.runtime.compatibility",1342760200274
started,bundle,org.eclipse.core.runtime.compatibility.auth,3.2.200.v20100517,"org.eclipse.core.runtime.compatibility.auth",1342760200288
started,bundle,org.eclipse.emf.common,2.6.0.v20100914-1218,"org.eclipse.emf.common",1342760200314
started,bundle,org.eclipse.emf.ecore,2.6.1.v20100914-1218,"org.eclipse.emf.ecore",1342760200360
started,bundle,org.eclipse.epp.usagedata.gathering,1.3.1.R201102081640,"org.eclipse.epp.usagedata.gathering",1342760200361
started,bundle,org.eclipse.epp.usagedata.recording,1.3.1.R201102081640,"org.eclipse.epp.usagedata.recording",1342760200361
started,bundle,org.eclipse.equinox.app,1.3.1.R36x_v20100803,"org.eclipse.equinox.app",1342760200380
started,bundle,org.eclipse.equinox.common,3.6.0.v20100503,"org.eclipse.equinox.common",1342760200414
started,bundle,org.eclipse.equinox.ds,1.2.1.R36x_v20100803,"org.eclipse.equinox.ds",1342760200438
started,bundle,org.eclipse.equinox.event,1.2.0.v20100503,"org.eclipse.equinox.event",1342760200439
started,bundle,org.eclipse.equinox.p2.core,2.0.3.R36x_v20110111,"org.eclipse.equinox.p2.core",1342760200439
started,bundle,org.eclipse.equinox.p2.directorywatcher,1.0.203.R36x_v20101220,"org.eclipse.equinox.p2.directorywatcher",1342760200457
started,bundle,org.eclipse.equinox.p2.engine,2.0.1.R36x_v20110201,"org.eclipse.equinox.p2.engine",1342760200736
started,bundle,org.eclipse.equinox.p2.metadata,2.0.1.R36x_v20101202,"org.eclipse.equinox.p2.metadata",1342760200922
started,bundle,org.eclipse.equinox.p2.metadata.repository,1.1.0.v20100513,"org.eclipse.equinox.p2.metadata.repository",1342760200944
started,bundle,org.eclipse.equinox.p2.operations,2.0.0.v20100510,"org.eclipse.equinox.p2.operations",1342760200945
started,bundle,org.eclipse.equinox.p2.reconciler.dropins,1.1.2.R36x_v20110114,"org.eclipse.equinox.p2.reconciler.dropins",1342760200954
started,bundle,org.eclipse.equinox.p2.repository,2.0.2.R36x_v20110111-1500,"org.eclipse.equinox.p2.repository",1342760200972
started,bundle,org.eclipse.equinox.p2.ui.sdk.scheduler,1.0.0.v20100507-1815,"org.eclipse.equinox.p2.ui.sdk.scheduler",1342760200972
started,bundle,org.eclipse.equinox.p2.updatechecker,1.1.101.R36x_v20100823,"org.eclipse.equinox.p2.updatechecker",1342760200973
started,bundle,org.eclipse.equinox.preferences,3.3.0.v20100503,"org.eclipse.equinox.preferences",1342760200982
started,bundle,org.eclipse.equinox.registry,3.5.0.v20100503,"org.eclipse.equinox.registry",1342760201001
started,bundle,org.eclipse.equinox.security,1.0.200.v20100503,"org.eclipse.equinox.security",1342760201016
started,bundle,org.eclipse.equinox.util,1.0.200.v20100503,"org.eclipse.equinox.util",1342760201036
started,bundle,org.eclipse.help,3.5.0.v20100524,"org.eclipse.help",1342760201051
started,bundle,org.eclipse.jdt.core,3.6.2.v_A76_R36x,"org.eclipse.jdt.core",1342760201064
started,bundle,org.eclipse.jface,3.6.2.M20110210-1200,"org.eclipse.jface",1342760201074
started,bundle,org.eclipse.jst.ws.jaxws.utils,1.0.0.v201004171919,"org.eclipse.jst.ws.jaxws.utils",1342760201097
started,bundle,org.eclipse.search,3.6.0.v20100520-0800,"org.eclipse.search",1342760201116
started,bundle,org.eclipse.team.core,3.5.101.R36x_v20110203-1036,"org.eclipse.team.core",1342760201142
started,bundle,org.eclipse.ui,3.6.2.M20110203-1100,"org.eclipse.ui",1342760201154
started,bundle,org.eclipse.ui.console,3.5.0.v20100526,"org.eclipse.ui.console",1342760201178
started,bundle,org.eclipse.ui.forms,3.5.2.r36_v20100702,"org.eclipse.ui.forms",1342760201188
started,bundle,org.eclipse.ui.ide,3.6.2.M20101201-0800,"org.eclipse.ui.ide",1342760201234
started,bundle,org.eclipse.ui.net,1.2.100.I20100505-1245,"org.eclipse.ui.net",1342760201235
started,bundle,org.eclipse.ui.views,3.5.1.M20110202-0800,"org.eclipse.ui.views",1342760201244
started,bundle,org.eclipse.ui.workbench,3.6.2.M20110210-1200,"org.eclipse.ui.workbench",1342760201257
started,bundle,org.eclipse.ui.workbench.texteditor,3.6.1.r361_v20100714-0800,"org.eclipse.ui.workbench.texteditor",1342760201287
started,bundle,org.eclipse.update.configurator,3.3.100.v20100512,"org.eclipse.update.configurator",1342760201304
started,bundle,org.eclipse.update.core,3.2.402.R36x_v20100629,"org.eclipse.update.core",1342760201345
started,bundle,org.eclipse.update.scheduler,3.2.300.v20100512,"org.eclipse.update.scheduler",1342760201347
started,bundle,org.eclipse.wst.common.project.facet.core,1.4.102.v201008170019,"org.eclipse.wst.common.project.facet.core",1342760201350
started,bundle,org.eclipse.wst.sse.core,1.1.504.v201102160550,"org.eclipse.wst.sse.core",1342760201366
started,bundle,org.eclipse.wst.web,1.1.402.v201012160000,"org.eclipse.wst.web",1342760201367
started,bundle,com.android.ide.eclipse.adt,16.0.1.v201112150204-238534,"com.android.ide.eclipse.adt",1342760201367
started,bundle,com.android.ide.eclipse.ddms,16.0.1.v201112150204-238534,"com.android.ide.eclipse.ddms",1342760201382
started,bundle,org.eclipse.mylyn.bugzilla.core,3.6.4.v20111106-0100,"org.eclipse.mylyn.bugzilla.core",1342760201400
started,bundle,org.eclipse.mylyn.bugzilla.ui,3.6.0.v20110608-1400,"org.eclipse.mylyn.bugzilla.ui",1342760201415
started,bundle,org.eclipse.mylyn.commons.identity,0.8.0.v20110608-1400,"org.eclipse.mylyn.commons.identity",1342760201415
started,bundle,org.eclipse.mylyn.commons.net,3.6.0.v20110608-1400,"org.eclipse.mylyn.commons.net",1342760201415
started,bundle,org.eclipse.mylyn.commons.ui,3.6.1.v20110720-0100,"org.eclipse.mylyn.commons.ui",1342760201436
started,bundle,org.eclipse.mylyn.context.core,3.6.1.v20110720-0100,"org.eclipse.mylyn.context.core",1342760201444
started,bundle,org.eclipse.mylyn.context.ui,3.6.0.v20110608-1400,"org.eclipse.mylyn.context.ui",1342760201462
started,bundle,org.eclipse.mylyn.monitor.ui,3.6.0.v20110608-1400,"org.eclipse.mylyn.monitor.ui",1342760201462
started,bundle,org.eclipse.mylyn.tasks.ui,3.6.4.v20111117-0100,"org.eclipse.mylyn.tasks.ui",1342760201478
started,bundle,org.eclipse.mylyn.team.ui,3.6.1.v20110825-0100,"org.eclipse.mylyn.team.ui",1342760201489
started,bundle,org.springframework.ide.eclipse.aop.core,2.9.1.201203220057-RELEASE,"org.springframework.ide.eclipse.aop.core",1342760201517
started,bundle,org.springframework.ide.eclipse.aop.ui,2.9.1.201203220057-RELEASE,"org.springframework.ide.eclipse.aop.ui",1342760201519
started,bundle,org.springframework.ide.eclipse.beans.core,2.9.1.201203220057-RELEASE,"org.springframework.ide.eclipse.beans.core",1342760201544
started,bundle,org.springframework.ide.eclipse.beans.ui,2.9.1.201203220057-RELEASE,"org.springframework.ide.eclipse.beans.ui",1342760201558
started,bundle,org.springframework.ide.eclipse.core,2.9.1.201203220057-RELEASE,"org.springframework.ide.eclipse.core",1342760201564
started,bundle,org.springframework.ide.eclipse.osgi.targetdefinition,2.9.1.201203220057-RELEASE,"org.springframework.ide.eclipse.osgi.targetdefinition",1342760201565
started,bundle,org.springframework.ide.eclipse.ui,2.9.1.201203220057-RELEASE,"org.springframework.ide.eclipse.ui",1342760201582
os,sysinfo,,,"linux",1342760201586
arch,sysinfo,,,"x86",1342760201587
ws,sysinfo,,,"gtk",1342760201587
locale,sysinfo,,,"en_IN",1342760201587
processors,sysinfo,,,"2",1342760201587
java.runtime.name,sysinfo,,,"OpenJDK Runtime Environment",1342760201587
java.runtime.version,sysinfo,,,"1.6.0_24-b24",1342760201587
java.specification.name,sysinfo,,,"Java Platform API Specification",1342760201587
java.specification.vendor,sysinfo,,,"Sun Microsystems Inc.",1342760201587
java.specification.version,sysinfo,,,"1.6",1342760201587
java.vendor,sysinfo,,,"Sun Microsystems Inc.",1342760201587
java.version,sysinfo,,,"1.6.0_24",1342760201587
java.vm.info,sysinfo,,,"mixed mode, sharing",1342760201587
java.vm.name,sysinfo,,,"OpenJDK Client VM",1342760201587
java.vm.specification.name,sysinfo,,,"Java Virtual Machine Specification",1342760201587
java.vm.specification.vendor,sysinfo,,,"Sun Microsystems Inc.",1342760201587
java.vm.specification.version,sysinfo,,,"1.0",1342760201587
java.vm.vendor,sysinfo,,,"Sun Microsystems Inc.",1342760201587
java.vm.version,sysinfo,,,"20.0-b12",1342760201587
started,bundle,org.springframework.ide.eclipse.uaa,2.9.1.201203220057-RELEASE,"org.springframework.ide.eclipse.uaa",1342760202832
started,bundle,org.eclipse.ltk.core.refactoring,3.5.101.r362_v20101117-0800,"org.eclipse.ltk.core.refactoring",1342760202840
started,bundle,org.eclipse.ltk.ui.refactoring,3.5.0.v20100526-0800,"org.eclipse.ltk.ui.refactoring",1342760202844
started,bundle,org.eclipse.jsch.core,1.1.200.I20100505-1245,"org.eclipse.jsch.core",1342760203491
started,bundle,org.eclipse.team.cvs.core,3.3.301.R36x_v20110119-0815,"org.eclipse.team.cvs.core",1342760203835
started,bundle,org.eclipse.team.ui,3.5.102.R36x_v20110203-1036,"org.eclipse.team.ui",1342760205325
started,bundle,com.android.ide.eclipse.traceview,16.0.1.v201112150204-238534,"com.android.ide.eclipse.traceview",1342760205325
started,bundle,org.eclipse.team.cvs.ui,3.3.302.R36x_v20110203-1036,"org.eclipse.team.cvs.ui",1342760206153
started,bundle,org.eclipse.wst.server.core,1.1.206.v20110110,"org.eclipse.wst.server.core",1342760208928
started,bundle,org.eclipse.wst.server.ui,1.1.207.v20110119,"org.eclipse.wst.server.ui",1342760211292
started,bundle,org.eclipse.jst.common.project.facet.core,1.4.102.v201008182136,"org.eclipse.jst.common.project.facet.core",1342760214383
started,bundle,org.eclipse.jst.ws.jaxrs.core,1.0.201.v201011231540,"org.eclipse.jst.ws.jaxrs.core",1342760214385
activated,view,org.eclipse.mylyn.tasks.ui,3.6.4.v20111117-0100,"org.eclipse.mylyn.tasks.ui.views.tasks",1342760254472
activated,view,org.eclipse.ui.console,3.5.0.v20100526,"org.eclipse.ui.console.ConsoleView",1342760254509
closed,view,org.eclipse.mylyn.tasks.ui,3.6.4.v20111117-0100,"org.eclipse.mylyn.tasks.ui.views.tasks",1342760254521
deactivated,workbench,org.eclipse.ui.workbench,3.6.2.M20110210-1200,"",1342760260031
closed,workbench,org.eclipse.ui.workbench,3.6.2.M20110210-1200,"",1342760261548
started,bundle,org.eclipse.compare.core,3.5.101.R36x_v20100929-0800,"org.eclipse.compare.core",1342760262070
started,bundle,org.eclipse.compare,3.5.101.R36x_v20100929-0800,"org.eclipse.compare",1342760262113
stopped,bundle,org.eclipse.jst.j2ee.xdoclet.runtime,1.1.300.v201004280700,"org.eclipse.jst.j2ee.xdoclet.runtime",1342760262456
stopped,bundle,org.eclipse.jst.j2ee.ejb.annotations.xdoclet,1.2.100.v201003112036,"org.eclipse.jst.j2ee.ejb.annotations.xdoclet",1342760262503
stopped,bundle,org.eclipse.jst.server.generic.jboss,1.6.1.v200904151730,"org.eclipse.jst.server.generic.jboss",1342760262538
stopped,bundle,org.eclipse.jst.server.generic.jonas,1.5.205.v200805140145,"org.eclipse.jst.server.generic.jonas",1342760262560
stopped,bundle,org.eclipse.jst.server.generic.oc4j,1.5.206.v20090812,"org.eclipse.jst.server.generic.oc4j",1342760262570
stopped,bundle,org.eclipse.jst.server.websphere.core,1.0.302.v20080620,"org.eclipse.jst.server.websphere.core",1342760262571
activated,perspective,org.eclipse.jst.j2ee.ui,,"org.eclipse.jst.j2ee.J2EEPerspective",1342767348869
started,bundle,org.eclipse.osgi,3.6.2.R36x_v20110210,"org.eclipse.osgi",1342767348871
started,bundle,org.eclipse.equinox.simpleconfigurator,1.0.200.v20100503,"org.eclipse.equinox.simpleconfigurator",1342767348872
started,bundle,com.ibm.icu,4.2.1.v20100412,"com.ibm.icu",1342767348873
started,bundle,org.eclipse.core.contenttype,3.4.100.v20100505-1235,"org.eclipse.core.contenttype",1342767348873
started,bundle,org.eclipse.core.databinding.observable,1.3.0.I20100601-0800,"org.eclipse.core.databinding.observable",1342767348874
started,bundle,org.eclipse.core.expressions,3.4.200.v20100505,"org.eclipse.core.expressions",1342767348875
started,bundle,org.eclipse.core.filebuffers,3.5.100.v20100520-0800,"org.eclipse.core.filebuffers",1342767348875
started,bundle,org.eclipse.core.filesystem,1.3.1.R36x_v20100727-0745,"org.eclipse.core.filesystem",1342767348876
started,bundle,org.eclipse.core.jobs,3.5.1.R36x_v20100824,"org.eclipse.core.jobs",1342767348877
started,bundle,org.eclipse.core.net,1.2.100.I20100511-0800,"org.eclipse.core.net",1342767348878
started,bundle,org.eclipse.core.resources,3.6.1.R36x_v20110131-1630,"org.eclipse.core.resources",1342767348879
started,bundle,org.eclipse.core.runtime,3.6.0.v20100505,"org.eclipse.core.runtime",1342767348879
started,bundle,org.eclipse.core.runtime.compatibility,3.2.100.v20100505,"org.eclipse.core.runtime.compatibility",1342767348880
started,bundle,org.eclipse.core.runtime.compatibility.auth,3.2.200.v20100517,"org.eclipse.core.runtime.compatibility.auth",1342767348881
started,bundle,org.eclipse.emf.common,2.6.0.v20100914-1218,"org.eclipse.emf.common",1342767348881
started,bundle,org.eclipse.emf.ecore,2.6.1.v20100914-1218,"org.eclipse.emf.ecore",1342767348882
started,bundle,org.eclipse.emf.ecore.xmi,2.5.0.v20100521-1846,"org.eclipse.emf.ecore.xmi",1342767348898
started,bundle,org.eclipse.epp.usagedata.gathering,1.3.1.R201102081640,"org.eclipse.epp.usagedata.gathering",1342767348898
started,bundle,org.eclipse.epp.usagedata.recording,1.3.1.R201102081640,"org.eclipse.epp.usagedata.recording",1342767348899
started,bundle,org.eclipse.equinox.app,1.3.1.R36x_v20100803,"org.eclipse.equinox.app",1342767348900
started,bundle,org.eclipse.equinox.common,3.6.0.v20100503,"org.eclipse.equinox.common",1342767348900
started,bundle,org.eclipse.equinox.ds,1.2.1.R36x_v20100803,"org.eclipse.equinox.ds",1342767348901
started,bundle,org.eclipse.equinox.event,1.2.0.v20100503,"org.eclipse.equinox.event",1342767348902
started,bundle,org.eclipse.equinox.p2.core,2.0.3.R36x_v20110111,"org.eclipse.equinox.p2.core",1342767348903
started,bundle,org.eclipse.equinox.p2.directorywatcher,1.0.203.R36x_v20101220,"org.eclipse.equinox.p2.directorywatcher",1342767348904
started,bundle,org.eclipse.equinox.p2.engine,2.0.1.R36x_v20110201,"org.eclipse.equinox.p2.engine",1342767348905
started,bundle,org.eclipse.equinox.p2.metadata,2.0.1.R36x_v20101202,"org.eclipse.equinox.p2.metadata",1342767348906
started,bundle,org.eclipse.equinox.p2.metadata.repository,1.1.0.v20100513,"org.eclipse.equinox.p2.metadata.repository",1342767348907
started,bundle,org.eclipse.equinox.p2.operations,2.0.0.v20100510,"org.eclipse.equinox.p2.operations",1342767348908
started,bundle,org.eclipse.equinox.p2.reconciler.dropins,1.1.2.R36x_v20110114,"org.eclipse.equinox.p2.reconciler.dropins",1342767348909
started,bundle,org.eclipse.equinox.p2.repository,2.0.2.R36x_v20110111-1500,"org.eclipse.equinox.p2.repository",1342767348910
started,bundle,org.eclipse.equinox.p2.ui.sdk.scheduler,1.0.0.v20100507-1815,"org.eclipse.equinox.p2.ui.sdk.scheduler",1342767348911
started,bundle,org.eclipse.equinox.p2.updatechecker,1.1.101.R36x_v20100823,"org.eclipse.equinox.p2.updatechecker",1342767348912
started,bundle,org.eclipse.equinox.preferences,3.3.0.v20100503,"org.eclipse.equinox.preferences",1342767348913
started,bundle,org.eclipse.equinox.registry,3.5.0.v20100503,"org.eclipse.equinox.registry",1342767348913
started,bundle,org.eclipse.equinox.security,1.0.200.v20100503,"org.eclipse.equinox.security",1342767348914
started,bundle,org.eclipse.equinox.util,1.0.200.v20100503,"org.eclipse.equinox.util",1342767348915
started,bundle,org.eclipse.help,3.5.0.v20100524,"org.eclipse.help",1342767348916
started,bundle,org.eclipse.jdt.core,3.6.2.v_A76_R36x,"org.eclipse.jdt.core",1342767348918
started,bundle,org.eclipse.jface,3.6.2.M20110210-1200,"org.eclipse.jface",1342767348918
started,bundle,org.eclipse.jsch.core,1.1.200.I20100505-1245,"org.eclipse.jsch.core",1342767348919
started,bundle,org.eclipse.jst.ws.jaxws.utils,1.0.0.v201004171919,"org.eclipse.jst.ws.jaxws.utils",1342767348920
started,bundle,org.eclipse.ltk.core.refactoring,3.5.101.r362_v20101117-0800,"org.eclipse.ltk.core.refactoring",1342767348920
started,bundle,org.eclipse.ltk.ui.refactoring,3.5.0.v20100526-0800,"org.eclipse.ltk.ui.refactoring",1342767348921
started,bundle,org.eclipse.search,3.6.0.v20100520-0800,"org.eclipse.search",1342767348922
started,bundle,org.eclipse.team.core,3.5.101.R36x_v20110203-1036,"org.eclipse.team.core",1342767348923
started,bundle,org.eclipse.team.cvs.core,3.3.301.R36x_v20110119-0815,"org.eclipse.team.cvs.core",1342767348924
started,bundle,org.eclipse.team.cvs.ui,3.3.302.R36x_v20110203-1036,"org.eclipse.team.cvs.ui",1342767348925
started,bundle,org.eclipse.team.ui,3.5.102.R36x_v20110203-1036,"org.eclipse.team.ui",1342767348926
